What would you like to be?,Explanation,Hobbies,What do you like to do for fun?
Lawyer,I am passionate about justice and want to fight for the rights of people.,Drawing and painting,I like to express my creativity by drawing and painting in my free time.
Pilot,Flying planes has always fascinated me and I want to travel the world as a pilot.,Cooking,I love trying out new recipes and cooking meals for my family.
Chef,"I love cooking and experimenting with new dishes, and I want to become a professional chef.",Cycling,I like cycling around my neighborhood for exercise and fun.
Engineer,I enjoy solving problems and want to build things that improve people's lives.,Drawing and painting,I like to express my creativity by drawing and painting in my free time.
Pilot,Flying planes has always fascinated me and I want to travel the world as a pilot.,Reading books,I enjoy reading fantasy novels and learning new things from non-fiction.
Scientist,I am curious about how the world works and want to conduct research to expand human knowledge.,Cycling,I like cycling around my neighborhood for exercise and fun.
Pilot,Flying planes has always fascinated me and I want to travel the world as a pilot.,Dancing,I love dancing and learning new styles of dance in my free time.
Doctor,I want to help people by treating their illnesses and make a difference in healthcare.,Playing football,I love playing football with my friends in the park.
Scientist,I am curious about how the world works and want to conduct research to expand human knowledge.,Playing video games,I play video games to relax and have fun with my friends online.
Pilot,Flying planes has always fascinated me and I want to travel the world as a pilot.,Writing stories,I like writing fictional stories and hope to publish a book someday.
Musician,I am passionate about music and want to perform on stage or compose songs.,Dancing,I love dancing and learning new styles of dance in my free time.
Musician,I am passionate about music and want to perform on stage or compose songs.,Playing video games,I play video games to relax and have fun with my friends online.
Doctor,I want to help people by treating their illnesses and make a difference in healthcare.,Playing video games,I play video games to relax and have fun with my friends online.
Pilot,Flying planes has always fascinated me and I want to travel the world as a pilot.,Playing football,I love playing football with my friends in the park.
Musician,I am passionate about music and want to perform on stage or compose songs.,Cycling,I like cycling around my neighborhood for exercise and fun.
Artist,I love expressing my creativity through art and want to make a living from it.,Swimming,I enjoy swimming and spending time at the pool.
Chef,"I love cooking and experimenting with new dishes, and I want to become a professional chef.",Playing video games,I play video games to relax and have fun with my friends online.
Engineer,I enjoy solving problems and want to build things that improve people's lives.,Playing musical instruments,I enjoy playing the guitar and practicing new songs.
Musician,I am passionate about music and want to perform on stage or compose songs.,Dancing,I love dancing and learning new styles of dance in my free time.
Artist,I love expressing my creativity through art and want to make a living from it.,Playing football,I love playing football with my friends in the park.
Pilot,Flying planes has always fascinated me and I want to travel the world as a pilot.,Drawing and painting,I like to express my creativity by drawing and painting in my free time.
Doctor,I want to help people by treating their illnesses and make a difference in healthcare.,Drawing and painting,I like to express my creativity by drawing and painting in my free time.
Musician,I am passionate about music and want to perform on stage or compose songs.,Swimming,I enjoy swimming and spending time at the pool.
Scientist,I am curious about how the world works and want to conduct research to expand human knowledge.,Drawing and painting,I like to express my creativity by drawing and painting in my free time.
Athlete,I enjoy sports and aspire to compete at a professional level.,Cooking,I love trying out new recipes and cooking meals for my family.
Artist,I love expressing my creativity through art and want to make a living from it.,Reading books,I enjoy reading fantasy novels and learning new things from non-fiction.
Chef,"I love cooking and experimenting with new dishes, and I want to become a professional chef.",Cycling,I like cycling around my neighborhood for exercise and fun.
Engineer,I enjoy solving problems and want to build things that improve people's lives.,Dancing,I love dancing and learning new styles of dance in my free time.
Chef,"I love cooking and experimenting with new dishes, and I want to become a professional chef.",Writing stories,I like writing fictional stories and hope to publish a book someday.
Lawyer,I am passionate about justice and want to fight for the rights of people.,Playing video games,I play video games to relax and have fun with my friends online.
Engineer,I enjoy solving problems and want to build things that improve people's lives.,Drawing and painting,I like to express my creativity by drawing and painting in my free time.
Pilot,Flying planes has always fascinated me and I want to travel the world as a pilot.,Playing video games,I play video games to relax and have fun with my friends online.
Teacher,I love imparting knowledge and helping others grow academically.,Cooking,I love trying out new recipes and cooking meals for my family.
Scientist,I am curious about how the world works and want to conduct research to expand human knowledge.,Playing video games,I play video games to relax and have fun with my friends online.
Artist,I love expressing my creativity through art and want to make a living from it.,Cooking,I love trying out new recipes and cooking meals for my family.
Pilot,Flying planes has always fascinated me and I want to travel the world as a pilot.,Drawing and painting,I like to express my creativity by drawing and painting in my free time.
Doctor,I want to help people by treating their illnesses and make a difference in healthcare.,Dancing,I love dancing and learning new styles of dance in my free time.
Engineer,I enjoy solving problems and want to build things that improve people's lives.,Dancing,I love dancing and learning new styles of dance in my free time.
Doctor,I want to help people by treating their illnesses and make a difference in healthcare.,Playing musical instruments,I enjoy playing the guitar and practicing new songs.
Artist,I love expressing my creativity through art and want to make a living from it.,Drawing and painting,I like to express my creativity by drawing and painting in my free time.
Chef,"I love cooking and experimenting with new dishes, and I want to become a professional chef.",Drawing and painting,I like to express my creativity by drawing and painting in my free time.
Chef,"I love cooking and experimenting with new dishes, and I want to become a professional chef.",Dancing,I love dancing and learning new styles of dance in my free time.
Artist,I love expressing my creativity through art and want to make a living from it.,Drawing and painting,I like to express my creativity by drawing and painting in my free time.
Musician,I am passionate about music and want to perform on stage or compose songs.,Playing musical instruments,I enjoy playing the guitar and practicing new songs.
Pilot,Flying planes has always fascinated me and I want to travel the world as a pilot.,Playing football,I love playing football with my friends in the park.
Musician,I am passionate about music and want to perform on stage or compose songs.,Cooking,I love trying out new recipes and cooking meals for my family.
Engineer,I enjoy solving problems and want to build things that improve people's lives.,Swimming,I enjoy swimming and spending time at the pool.
Pilot,Flying planes has always fascinated me and I want to travel the world as a pilot.,Drawing and painting,I like to express my creativity by drawing and painting in my free time.
Scientist,I am curious about how the world works and want to conduct research to expand human knowledge.,Drawing and painting,I like to express my creativity by drawing and painting in my free time.
Athlete,I enjoy sports and aspire to compete at a professional level.,Playing video games,I play video games to relax and have fun with my friends online.
Lawyer,I am passionate about justice and want to fight for the rights of people.,Writing stories,I like writing fictional stories and hope to publish a book someday.
Teacher,I love imparting knowledge and helping others grow academically.,Writing stories,I like writing fictional stories and hope to publish a book someday.
Artist,I love expressing my creativity through art and want to make a living from it.,Dancing,I love dancing and learning new styles of dance in my free time.
Doctor,I want to help people by treating their illnesses and make a difference in healthcare.,Swimming,I enjoy swimming and spending time at the pool.
Chef,"I love cooking and experimenting with new dishes, and I want to become a professional chef.",Cooking,I love trying out new recipes and cooking meals for my family.
Athlete,I enjoy sports and aspire to compete at a professional level.,Playing video games,I play video games to relax and have fun with my friends online.
Artist,I love expressing my creativity through art and want to make a living from it.,Dancing,I love dancing and learning new styles of dance in my free time.
Lawyer,I am passionate about justice and want to fight for the rights of people.,Cooking,I love trying out new recipes and cooking meals for my family.
Engineer,I enjoy solving problems and want to build things that improve people's lives.,Dancing,I love dancing and learning new styles of dance in my free time.
Chef,"I love cooking and experimenting with new dishes, and I want to become a professional chef.",Playing video games,I play video games to relax and have fun with my friends online.
Athlete,I enjoy sports and aspire to compete at a professional level.,Cycling,I like cycling around my neighborhood for exercise and fun.
Doctor,I want to help people by treating their illnesses and make a difference in healthcare.,Playing video games,I play video games to relax and have fun with my friends online.
Engineer,I enjoy solving problems and want to build things that improve people's lives.,Playing football,I love playing football with my friends in the park.
Athlete,I enjoy sports and aspire to compete at a professional level.,Swimming,I enjoy swimming and spending time at the pool.
Pilot,Flying planes has always fascinated me and I want to travel the world as a pilot.,Playing musical instruments,I enjoy playing the guitar and practicing new songs.
Scientist,I am curious about how the world works and want to conduct research to expand human knowledge.,Writing stories,I like writing fictional stories and hope to publish a book someday.
Doctor,I want to help people by treating their illnesses and make a difference in healthcare.,Playing football,I love playing football with my friends in the park.
Pilot,Flying planes has always fascinated me and I want to travel the world as a pilot.,Reading books,I enjoy reading fantasy novels and learning new things from non-fiction.
Engineer,I enjoy solving problems and want to build things that improve people's lives.,Swimming,I enjoy swimming and spending time at the pool.
Chef,"I love cooking and experimenting with new dishes, and I want to become a professional chef.",Swimming,I enjoy swimming and spending time at the pool.
Lawyer,I am passionate about justice and want to fight for the rights of people.,Playing video games,I play video games to relax and have fun with my friends online.
Teacher,I love imparting knowledge and helping others grow academically.,Playing musical instruments,I enjoy playing the guitar and practicing new songs.
Pilot,Flying planes has always fascinated me and I want to travel the world as a pilot.,Writing stories,I like writing fictional stories and hope to publish a book someday.
Scientist,I am curious about how the world works and want to conduct research to expand human knowledge.,Playing musical instruments,I enjoy playing the guitar and practicing new songs.
Scientist,I am curious about how the world works and want to conduct research to expand human knowledge.,Playing video games,I play video games to relax and have fun with my friends online.
Scientist,I am curious about how the world works and want to conduct research to expand human knowledge.,Cycling,I like cycling around my neighborhood for exercise and fun.
Musician,I am passionate about music and want to perform on stage or compose songs.,Playing football,I love playing football with my friends in the park.
Pilot,Flying planes has always fascinated me and I want to travel the world as a pilot.,Playing football,I love playing football with my friends in the park.
Musician,I am passionate about music and want to perform on stage or compose songs.,Playing video games,I play video games to relax and have fun with my friends online.
Lawyer,I am passionate about justice and want to fight for the rights of people.,Reading books,I enjoy reading fantasy novels and learning new things from non-fiction.
Scientist,I am curious about how the world works and want to conduct research to expand human knowledge.,Playing video games,I play video games to relax and have fun with my friends online.
Musician,I am passionate about music and want to perform on stage or compose songs.,Swimming,I enjoy swimming and spending time at the pool.
Doctor,I want to help people by treating their illnesses and make a difference in healthcare.,Swimming,I enjoy swimming and spending time at the pool.
Athlete,I enjoy sports and aspire to compete at a professional level.,Drawing and painting,I like to express my creativity by drawing and painting in my free time.
Scientist,I am curious about how the world works and want to conduct research to expand human knowledge.,Reading books,I enjoy reading fantasy novels and learning new things from non-fiction.
Scientist,I am curious about how the world works and want to conduct research to expand human knowledge.,Playing video games,I play video games to relax and have fun with my friends online.
Athlete,I enjoy sports and aspire to compete at a professional level.,Writing stories,I like writing fictional stories and hope to publish a book someday.
Engineer,I enjoy solving problems and want to build things that improve people's lives.,Reading books,I enjoy reading fantasy novels and learning new things from non-fiction.
Doctor,I want to help people by treating their illnesses and make a difference in healthcare.,Playing football,I love playing football with my friends in the park.
Teacher,I love imparting knowledge and helping others grow academically.,Reading books,I enjoy reading fantasy novels and learning new things from non-fiction.
Doctor,I want to help people by treating their illnesses and make a difference in healthcare.,Writing stories,I like writing fictional stories and hope to publish a book someday.
Pilot,Flying planes has always fascinated me and I want to travel the world as a pilot.,Cooking,I love trying out new recipes and cooking meals for my family.
Pilot,Flying planes has always fascinated me and I want to travel the world as a pilot.,Cycling,I like cycling around my neighborhood for exercise and fun.
Musician,I am passionate about music and want to perform on stage or compose songs.,Playing musical instruments,I enjoy playing the guitar and practicing new songs.
Engineer,I enjoy solving problems and want to build things that improve people's lives.,Reading books,I enjoy reading fantasy novels and learning new things from non-fiction.
Lawyer,I am passionate about justice and want to fight for the rights of people.,Reading books,I enjoy reading fantasy novels and learning new things from non-fiction.
Teacher,I love imparting knowledge and helping others grow academically.,Reading books,I enjoy reading fantasy novels and learning new things from non-fiction.
Chef,"I love cooking and experimenting with new dishes, and I want to become a professional chef.",Dancing,I love dancing and learning new styles of dance in my free time.
Doctor,I want to help people by treating their illnesses and make a difference in healthcare.,Writing stories,I like writing fictional stories and hope to publish a book someday.
Lawyer,I am passionate about justice and want to fight for the rights of people.,Dancing,I love dancing and learning new styles of dance in my free time.
Engineer,I enjoy solving problems and want to build things that improve people's lives.,Cooking,I love trying out new recipes and cooking meals for my family.
Pilot,Flying planes has always fascinated me and I want to travel the world as a pilot.,Swimming,I enjoy swimming and spending time at the pool.
Pilot,Flying planes has always fascinated me and I want to travel the world as a pilot.,Cooking,I love trying out new recipes and cooking meals for my family.
Engineer,I enjoy solving problems and want to build things that improve people's lives.,Swimming,I enjoy swimming and spending time at the pool.
Musician,I am passionate about music and want to perform on stage or compose songs.,Reading books,I enjoy reading fantasy novels and learning new things from non-fiction.
Athlete,I enjoy sports and aspire to compete at a professional level.,Writing stories,I like writing fictional stories and hope to publish a book someday.
Artist,I love expressing my creativity through art and want to make a living from it.,Cooking,I love trying out new recipes and cooking meals for my family.
Scientist,I am curious about how the world works and want to conduct research to expand human knowledge.,Dancing,I love dancing and learning new styles of dance in my free time.
Musician,I am passionate about music and want to perform on stage or compose songs.,Drawing and painting,I like to express my creativity by drawing and painting in my free time.
Engineer,I enjoy solving problems and want to build things that improve people's lives.,Playing video games,I play video games to relax and have fun with my friends online.
Scientist,I am curious about how the world works and want to conduct research to expand human knowledge.,Playing video games,I play video games to relax and have fun with my friends online.
Teacher,I love imparting knowledge and helping others grow academically.,Playing musical instruments,I enjoy playing the guitar and practicing new songs.
Lawyer,I am passionate about justice and want to fight for the rights of people.,Writing stories,I like writing fictional stories and hope to publish a book someday.
Athlete,I enjoy sports and aspire to compete at a professional level.,Drawing and painting,I like to express my creativity by drawing and painting in my free time.
Chef,"I love cooking and experimenting with new dishes, and I want to become a professional chef.",Playing football,I love playing football with my friends in the park.
Scientist,I am curious about how the world works and want to conduct research to expand human knowledge.,Writing stories,I like writing fictional stories and hope to publish a book someday.
Scientist,I am curious about how the world works and want to conduct research to expand human knowledge.,Playing musical instruments,I enjoy playing the guitar and practicing new songs.
Chef,"I love cooking and experimenting with new dishes, and I want to become a professional chef.",Writing stories,I like writing fictional stories and hope to publish a book someday.
Chef,"I love cooking and experimenting with new dishes, and I want to become a professional chef.",Cycling,I like cycling around my neighborhood for exercise and fun.
Pilot,Flying planes has always fascinated me and I want to travel the world as a pilot.,Dancing,I love dancing and learning new styles of dance in my free time.
Doctor,I want to help people by treating their illnesses and make a difference in healthcare.,Swimming,I enjoy swimming and spending time at the pool.
Doctor,I want to help people by treating their illnesses and make a difference in healthcare.,Cooking,I love trying out new recipes and cooking meals for my family.
Lawyer,I am passionate about justice and want to fight for the rights of people.,Swimming,I enjoy swimming and spending time at the pool.
Scientist,I am curious about how the world works and want to conduct research to expand human knowledge.,Cooking,I love trying out new recipes and cooking meals for my family.
Doctor,I want to help people by treating their illnesses and make a difference in healthcare.,Playing football,I love playing football with my friends in the park.
Scientist,I am curious about how the world works and want to conduct research to expand human knowledge.,Drawing and painting,I like to express my creativity by drawing and painting in my free time.
Lawyer,I am passionate about justice and want to fight for the rights of people.,Playing video games,I play video games to relax and have fun with my friends online.
Scientist,I am curious about how the world works and want to conduct research to expand human knowledge.,Swimming,I enjoy swimming and spending time at the pool.
Chef,"I love cooking and experimenting with new dishes, and I want to become a professional chef.",Cooking,I love trying out new recipes and cooking meals for my family.
Pilot,Flying planes has always fascinated me and I want to travel the world as a pilot.,Writing stories,I like writing fictional stories and hope to publish a book someday.
Musician,I am passionate about music and want to perform on stage or compose songs.,Drawing and painting,I like to express my creativity by drawing and painting in my free time.
Athlete,I enjoy sports and aspire to compete at a professional level.,Playing video games,I play video games to relax and have fun with my friends online.
Musician,I am passionate about music and want to perform on stage or compose songs.,Playing video games,I play video games to relax and have fun with my friends online.
Scientist,I am curious about how the world works and want to conduct research to expand human knowledge.,Dancing,I love dancing and learning new styles of dance in my free time.
Athlete,I enjoy sports and aspire to compete at a professional level.,Dancing,I love dancing and learning new styles of dance in my free time.
Teacher,I love imparting knowledge and helping others grow academically.,Reading books,I enjoy reading fantasy novels and learning new things from non-fiction.
Athlete,I enjoy sports and aspire to compete at a professional level.,Cooking,I love trying out new recipes and cooking meals for my family.
Doctor,I want to help people by treating their illnesses and make a difference in healthcare.,Drawing and painting,I like to express my creativity by drawing and painting in my free time.
Engineer,I enjoy solving problems and want to build things that improve people's lives.,Dancing,I love dancing and learning new styles of dance in my free time.
Doctor,I want to help people by treating their illnesses and make a difference in healthcare.,Writing stories,I like writing fictional stories and hope to publish a book someday.
Artist,I love expressing my creativity through art and want to make a living from it.,Dancing,I love dancing and learning new styles of dance in my free time.
Athlete,I enjoy sports and aspire to compete at a professional level.,Dancing,I love dancing and learning new styles of dance in my free time.
Lawyer,I am passionate about justice and want to fight for the rights of people.,Playing musical instruments,I enjoy playing the guitar and practicing new songs.
Athlete,I enjoy sports and aspire to compete at a professional level.,Playing video games,I play video games to relax and have fun with my friends online.
Musician,I am passionate about music and want to perform on stage or compose songs.,Playing football,I love playing football with my friends in the park.
Musician,I am passionate about music and want to perform on stage or compose songs.,Drawing and painting,I like to express my creativity by drawing and painting in my free time.
Teacher,I love imparting knowledge and helping others grow academically.,Cycling,I like cycling around my neighborhood for exercise and fun.
Artist,I love expressing my creativity through art and want to make a living from it.,Playing football,I love playing football with my friends in the park.
Doctor,I want to help people by treating their illnesses and make a difference in healthcare.,Cooking,I love trying out new recipes and cooking meals for my family.
Doctor,I want to help people by treating their illnesses and make a difference in healthcare.,Playing musical instruments,I enjoy playing the guitar and practicing new songs.
Teacher,I love imparting knowledge and helping others grow academically.,Playing football,I love playing football with my friends in the park.
Doctor,I want to help people by treating their illnesses and make a difference in healthcare.,Drawing and painting,I like to express my creativity by drawing and painting in my free time.
Doctor,I want to help people by treating their illnesses and make a difference in healthcare.,Playing video games,I play video games to relax and have fun with my friends online.
Scientist,I am curious about how the world works and want to conduct research to expand human knowledge.,Drawing and painting,I like to express my creativity by drawing and painting in my free time.
Chef,"I love cooking and experimenting with new dishes, and I want to become a professional chef.",Writing stories,I like writing fictional stories and hope to publish a book someday.
Scientist,I am curious about how the world works and want to conduct research to expand human knowledge.,Cycling,I like cycling around my neighborhood for exercise and fun.
Athlete,I enjoy sports and aspire to compete at a professional level.,Reading books,I enjoy reading fantasy novels and learning new things from non-fiction.
Doctor,I want to help people by treating their illnesses and make a difference in healthcare.,Playing musical instruments,I enjoy playing the guitar and practicing new songs.
Lawyer,I am passionate about justice and want to fight for the rights of people.,Playing football,I love playing football with my friends in the park.
Musician,I am passionate about music and want to perform on stage or compose songs.,Drawing and painting,I like to express my creativity by drawing and painting in my free time.
Pilot,Flying planes has always fascinated me and I want to travel the world as a pilot.,Drawing and painting,I like to express my creativity by drawing and painting in my free time.
Scientist,I am curious about how the world works and want to conduct research to expand human knowledge.,Cycling,I like cycling around my neighborhood for exercise and fun.
Athlete,I enjoy sports and aspire to compete at a professional level.,Drawing and painting,I like to express my creativity by drawing and painting in my free time.
Lawyer,I am passionate about justice and want to fight for the rights of people.,Cooking,I love trying out new recipes and cooking meals for my family.
Artist,I love expressing my creativity through art and want to make a living from it.,Writing stories,I like writing fictional stories and hope to publish a book someday.
Artist,I love expressing my creativity through art and want to make a living from it.,Cycling,I like cycling around my neighborhood for exercise and fun.
Chef,"I love cooking and experimenting with new dishes, and I want to become a professional chef.",Dancing,I love dancing and learning new styles of dance in my free time.
Artist,I love expressing my creativity through art and want to make a living from it.,Playing football,I love playing football with my friends in the park.
Doctor,I want to help people by treating their illnesses and make a difference in healthcare.,Playing musical instruments,I enjoy playing the guitar and practicing new songs.
Lawyer,I am passionate about justice and want to fight for the rights of people.,Writing stories,I like writing fictional stories and hope to publish a book someday.
Doctor,I want to help people by treating their illnesses and make a difference in healthcare.,Cycling,I like cycling around my neighborhood for exercise and fun.
Doctor,I want to help people by treating their illnesses and make a difference in healthcare.,Playing video games,I play video games to relax and have fun with my friends online.
Musician,I am passionate about music and want to perform on stage or compose songs.,Reading books,I enjoy reading fantasy novels and learning new things from non-fiction.
Musician,I am passionate about music and want to perform on stage or compose songs.,Dancing,I love dancing and learning new styles of dance in my free time.
Scientist,I am curious about how the world works and want to conduct research to expand human knowledge.,Playing video games,I play video games to relax and have fun with my friends online.
Pilot,Flying planes has always fascinated me and I want to travel the world as a pilot.,Cycling,I like cycling around my neighborhood for exercise and fun.
Athlete,I enjoy sports and aspire to compete at a professional level.,Playing video games,I play video games to relax and have fun with my friends online.
Engineer,I enjoy solving problems and want to build things that improve people's lives.,Cooking,I love trying out new recipes and cooking meals for my family.
Engineer,I enjoy solving problems and want to build things that improve people's lives.,Dancing,I love dancing and learning new styles of dance in my free time.
Scientist,I am curious about how the world works and want to conduct research to expand human knowledge.,Writing stories,I like writing fictional stories and hope to publish a book someday.
Doctor,I want to help people by treating their illnesses and make a difference in healthcare.,Playing video games,I play video games to relax and have fun with my friends online.
Engineer,I enjoy solving problems and want to build things that improve people's lives.,Writing stories,I like writing fictional stories and hope to publish a book someday.
Scientist,I am curious about how the world works and want to conduct research to expand human knowledge.,Playing football,I love playing football with my friends in the park.
Athlete,I enjoy sports and aspire to compete at a professional level.,Cooking,I love trying out new recipes and cooking meals for my family.
Lawyer,I am passionate about justice and want to fight for the rights of people.,Drawing and painting,I like to express my creativity by drawing and painting in my free time.
Doctor,I want to help people by treating their illnesses and make a difference in healthcare.,Cooking,I love trying out new recipes and cooking meals for my family.
Chef,"I love cooking and experimenting with new dishes, and I want to become a professional chef.",Cooking,I love trying out new recipes and cooking meals for my family.
Artist,I love expressing my creativity through art and want to make a living from it.,Cycling,I like cycling around my neighborhood for exercise and fun.
Chef,"I love cooking and experimenting with new dishes, and I want to become a professional chef.",Playing musical instruments,I enjoy playing the guitar and practicing new songs.
Scientist,I am curious about how the world works and want to conduct research to expand human knowledge.,Playing musical instruments,I enjoy playing the guitar and practicing new songs.
Athlete,I enjoy sports and aspire to compete at a professional level.,Swimming,I enjoy swimming and spending time at the pool.
Scientist,I am curious about how the world works and want to conduct research to expand human knowledge.,Swimming,I enjoy swimming and spending time at the pool.
Scientist,I am curious about how the world works and want to conduct research to expand human knowledge.,Playing musical instruments,I enjoy playing the guitar and practicing new songs.
Pilot,Flying planes has always fascinated me and I want to travel the world as a pilot.,Writing stories,I like writing fictional stories and hope to publish a book someday.
Athlete,I enjoy sports and aspire to compete at a professional level.,Reading books,I enjoy reading fantasy novels and learning new things from non-fiction.
Lawyer,I am passionate about justice and want to fight for the rights of people.,Drawing and painting,I like to express my creativity by drawing and painting in my free time.
Teacher,I love imparting knowledge and helping others grow academically.,Playing musical instruments,I enjoy playing the guitar and practicing new songs.
Chef,"I love cooking and experimenting with new dishes, and I want to become a professional chef.",Writing stories,I like writing fictional stories and hope to publish a book someday.
Scientist,I am curious about how the world works and want to conduct research to expand human knowledge.,Cooking,I love trying out new recipes and cooking meals for my family.
Chef,"I love cooking and experimenting with new dishes, and I want to become a professional chef.",Playing video games,I play video games to relax and have fun with my friends online.
